"","Country_Region","total_cases","total_deaths","total_recovered","Population","UID","iso2","iso3","code3","Lat","Long","pdi","idv","mas","uai","ltowvs","ivr","freedom","income_inequal","pol_satis","happiness","relig_freq","health","competitiveness","gov_confidence","Gini_index","exppercapita","deaths_over_pop","affection_rate"
"1","Afghanistan",14068826,540840,10873176,38928341,4,"AF","AFG",4,33.93911,67.709953,NA,NA,NA,NA,NA,NA,NA,NA,NA,NA,NA,NA,NA,NA,NA,49.84260941,0.0138932198523436,0.361403174103926
"2","Albania",13475514,260787,8443045,2877800,8,"AL","ALB",8,41.1533,20.1683,NA,NA,NA,NA,61.4609571788413,14.5089285714286,6.82387075653978,5.69117738182652,3.24799148634941,2.87119272633848,2.46357484232404,2.48875828419839,7.55415321750194,0.584758645246132,33.2,274.91409302,0.0906202654805754,4.68257488359163
"3","Algeria",21767017,676393,14836266,43851043,12,"DZ","DZA",12,28.0339,1.6596,NA,NA,NA,NA,25.9445843828715,32.3660714285714,NA,NA,NA,NA,NA,NA,NA,NA,27.6,255.86943054,0.0154247870455442,0.496385388142307
"4","Andorra",1743292,26080,1548414,77265,20,"AD","AND",20,42.5063,1.5218,NA,NA,NA,NA,NA,65,7.52290836653386,6.14243027888446,5.779,3.2898406374502,1.49900199600798,3.08964143426295,6.86752988047809,1.44176706827309,NA,2821.80126953,0.337539636316573,22.5625056623309
"5","Angola",3411328,86185,2502485,32866268,24,"AO","AGO",24,-11.2027,17.8739,NA,NA,NA,NA,NA,NA,NA,NA,NA,NA,NA,NA,NA,NA,51.3,87.61676788,0.0026222934712271,0.103794200181171
"6","Antigua and Barbuda",84622,2406,58178,97928,28,"AG","ATG",28,17.0608,-61.7964,NA,NA,NA,NA,NA,NA,NA,NA,NA,NA,NA,NA,NA,NA,NA,875.17254639,0.0245690711543175,0.864124663017727
"7","Argentina",355916675,8921602,307164762,45195777,32,"AR","ARG",32,-38.4161,-63.6167,49,46,56,86,20.4030226700252,61.8303571428571,7.68999970817706,5.53000029542334,5.26810850428943,3.18458885117666,2.83393115385964,2.79739029456991,5.16950987403805,1.03178811116981,42.9,1127.90722656,0.197399018054275,7.87499847607443
"8","Armenia",32154853,571308,27476214,2963234,51,"AM","ARM",51,40.0691,45.0382,NA,NA,NA,NA,60.9571788413098,NA,7.02626772632312,6.27048471963007,3.76489644695637,3.06303540326927,3.85797083539883,2.63372201864447,6.18472849405476,0.932470586116112,29.9,422.28268433,0.192798813728514,10.8512702675523
"9","Australia",8016193,224753,6103176,25459700,36,"AU","AUS",36,-25,133,38,90,61,51,21.1586901763224,71.4285714285714,7.50275467339556,6.20049191306454,5.60898808594071,3.15146858767618,1.67075599657314,2.89447256013619,6.40273367308246,1.15679526028587,34.4,5425.34033203,0.00882779451446796,0.314858109090052
"10","Austria",68159863,1185868,60625878,9006400,40,"AT","AUT",40,47.5162,14.5501,11,55,79,70,60.4534005037783,62.7232142857143,7.15982305369246,4.87573303688638,6.33641181290009,3.21656265643198,2.66007464157502,3.02985378894261,6.43459691890155,1.28351989934281,30.8,5326.43701172,0.131669479481258,7.56793646740096
"11","Azerbaijan",37040251,487381,32489421,10139175,31,"AZ","AZE",31,40.1431,47.5769,NA,NA,NA,NA,60.7052896725441,21.6517857142857,6.42661684149934,5.47248728935791,7.16117498481465,3.02824684586916,2.07054763597254,2.64796036070843,5.67139605711458,2.33584662528434,NA,165.7674408,0.0480690983240747,3.65318194034525
"12","Bahamas",1630371,35814,1239785,393248,44,"BS","BHS",44,25.025885,-78.035889,NA,NA,NA,NA,NA,NA,NA,NA,NA,NA,NA,NA,NA,NA,NA,NA,0.09107230043128,4.14591046871186
"13","Bahrain",24897138,90912,23282162,1701583,48,"BH","BHR",48,26.0275,50.55,NA,NA,NA,NA,NA,NA,NA,NA,NA,NA,NA,NA,NA,NA,NA,994.17901611,0.0534278962589542,14.6317505522798
"14","Bangladesh",125018620,1815754,100148018,164689383,50,"BD","BGD",50,23.685,90.3563,80,20,55,60,47.1032745591939,19.6428571428571,7.26583333333333,3.96166666666667,6.7625,3.165,4.70534223706177,2.715,6.56333333333333,2.1095197978096,32.4,41.90905762,0.0110253251722972,0.759117665769626
"15","Barbados",287915,4444,239124,287371,52,"BB","BRB",52,13.1939,-59.5432,NA,NA,NA,NA,NA,NA,NA,NA,NA,NA,NA,NA,NA,NA,NA,1164.54455566,0.0154643300820194,1.00189302330437
"16","Belarus",47936739,364146,43434772,9449321,112,"BY","BLR",112,53.7098,27.9534,NA,NA,NA,NA,80.8564231738035,14.9553571428571,7.13025586827714,6.01896614929109,5.16372514855674,3.12241242631015,2.89679585952599,2.43035827810839,6.55837362826763,1.52561152047075,25.3,356.25073242,0.0385367371898997,5.07303530063165
"17","Belgium",130944697,5123972,3797810,11589616,56,"BE","BEL",56,50.8333,4.469936,65,75,54,94,81.8639798488665,56.6964285714286,NA,NA,NA,NA,NA,NA,NA,NA,27.2,4912.70068359,0.442117495523579,11.2984500090426
"18","Belize",1791303,42093,1500964,397621,84,"BZ","BLZ",84,17.1899,-88.4976,NA,NA,NA,NA,NA,NA,NA,NA,NA,NA,NA,NA,NA,NA,NA,285.98583984,0.105862114928537,4.50505129256252
"19","Benin",988432,14294,826095,12123198,204,"BJ","BEN",204,9.3077,2.3158,NA,NA,NA,NA,NA,NA,NA,NA,NA,NA,NA,NA,NA,NA,47.8,30.9390583,0.00117906182840534,0.0815322821585526
"20","Bhutan",139728,94,122581,771612,64,"BT","BTN",64,27.5142,90.4336,NA,NA,NA,NA,NA,NA,NA,NA,NA,NA,NA,NA,NA,NA,37.4,102.73851776,0.000121822885076956,0.181085830702477
"21","Bolivia",46154304,2354359,33393325,11673029,68,"BO","BOL",68,-16.2902,-63.5887,NA,NA,NA,NA,NA,NA,7.47656635421806,6.42651439920556,5.55084745762712,3.08879184861718,4.45176926805623,2.51210067763795,4.9450441609421,1.05648330058939,41.6,223.59788513,0.201692208594702,3.95392695417787
"22","Bosnia and Herzegovina",21752845,778757,15947384,3280815,70,"BA","BIH",70,43.9159,17.6791,NA,NA,NA,NA,NA,NA,7.79602564990209,4.04063239539403,3.2037454727014,3.13970033423437,3.90669794342233,2.79422224754061,6.28648938555435,0.767152449873349,33,539.54663086,0.237366934740301,6.63031746684894
"23","Botswana",3751336,32430,2976317,2351625,72,"BW","BWA",72,-22.3285,24.6849,NA,NA,NA,NA,NA,NA,NA,NA,NA,NA,NA,NA,NA,NA,53.3,482.96307373,0.0137904640408228,1.59521012066124
"24","Brazil",1934154396,52819206,1677807627,212559409,76,"BR","BRA",76,-14.235,-51.9253,69,38,49,76,43.8287153652393,59.1517857142857,7.54024314987661,5.06498777878996,2.5818689709316,3.17418336437674,4.15667700706418,2.81380066210345,6.23742817594492,0.71322475132514,53.4,848.38885498,0.248491498205097,9.09935911611421
"25","Brunei",60264,1000,55547,437483,96,"BN","BRN",96,4.5353,114.7277,NA,NA,NA,NA,NA,NA,NA,NA,NA,NA,NA,NA,NA,NA,NA,NA,0.0022858031054921,0.137751638349376
"26","Bulgaria",37112226,1392315,25622299,6948445,100,"BG","BGR",100,42.7339,25.4858,70,30,40,85,69.0176322418136,15.8482142857143,6.44283399029718,6.02266508943058,3.91158035111714,2.67496140876645,2.92540187963605,2.47228315334002,6.74812037048146,0.96957420404715,41.3,689.90539551,0.200377926284226,5.34108365252945
"27","Burkina Faso",1610834,28496,1406151,20903278,854,"BF","BFA",854,12.2383,-1.5616,NA,NA,NA,NA,27.455919395466,18.0803571428571,NA,NA,NA,NA,NA,NA,NA,NA,35.3,40.24945068,0.00136323116403083,0.0770613106709866
"28","Burma",20857240,463029,17722043,54409794,104,"MM","MMR",104,21.9162,95.956,NA,NA,NA,NA,NA,NA,6.7175,6.05916666666667,6.57333333333333,3.175,4.355,2.72166666666667,5.995,2.10166666666667,NA,NA,0.00851003038166254,0.38333613246174
"29","Burundi",298208,610,160204,11890781,108,"BI","BDI",108,-3.3731,29.9189,NA,NA,NA,NA,NA,NA,NA,NA,NA,NA,NA,NA,NA,NA,38.6,24.02547073,5.13002468046464e-05,0.0250789245887213
"30","Cabo Verde",2737472,26864,2507925,555988,132,"CV","CPV",132,16.5388,-23.0418,NA,NA,NA,NA,NA,NA,NA,NA,NA,NA,NA,NA,NA,NA,42.4,194.85687256,0.0483175895882645,4.92361705648323
"31","Cambodia",172745,330,127213,16718971,116,"KH","KHM",116,11.55,104.9167,NA,NA,NA,NA,NA,NA,NA,NA,NA,NA,NA,NA,NA,NA,NA,90.55628204,1.97380568457233e-05,0.0103322746358015
"32","Cameroon",7914163,145311,6841299,26545864,120,"CM","CMR",120,3.848,11.5021,NA,NA,NA,NA,NA,NA,NA,NA,NA,NA,NA,NA,NA,NA,46.6,54.13952637,0.00547396008658825,0.298131678818214
"33","Canada",133194574,4520352,115853509,37855702,124,"CA","CAN",124,60,-95,39,80,52,48,36.0201511335013,68.3035714285714,NA,NA,NA,NA,NA,NA,NA,NA,33.3,4994.90234375,0.119410069320601,3.51848115245624
"34","Central African Republic",1464405,18225,813869,4829764,140,"CF","CAF",140,6.6111,20.9394,NA,NA,NA,NA,NA,NA,NA,NA,NA,NA,NA,NA,NA,NA,NA,53.66416168,0.00377347630236177,0.30320425594294
"35","Chad",652035,33260,553239,16425859,148,"TD","TCD",148,15.4542,18.7322,NA,NA,NA,NA,NA,NA,NA,NA,NA,NA,NA,NA,NA,NA,43.3,29.23851013,0.00202485605166829,0.0396956408794207
"36","Chile",174356871,4430785,161629113,19116209,152,"CL","CHL",152,-35.6751,-71.543,63,23,28,86,30.9823677581864,68,7.34700799082218,3.99754797042948,5.52038567528152,3.09581787408621,2.84710170823408,2.80368720623623,5.40656516387056,1.16764037127057,44.4,1455.60791016,0.231781573428079,9.12089164750187
"37","China",38577009,1902615,34681402,1404676330,156,"CN","CHN",156,35.8617,104.19545,80,20,66,30,87.4055415617128,23.6607142857143,7.04025565039972,5.52981727689497,7.48160995695323,3.14920641843697,0.533898122354089,2.81632762008252,6.57051675424021,2.41997573042497,38.5,501.05938721,0.00135448641040317,0.0274632726245198
"38","Colombia",374119869,10312231,337373974,50882884,170,"CO","COL",170,4.5709,-74.2973,67,13,64,80,13.0982367758186,83.0357142857143,8.12105263157895,6.29934210526316,3.80657894736842,3.45394736842105,4.04473684210526,2.96184210526316,5.39868421052632,0.882894736842105,51.3,513.15869141,0.202666008475463,7.35256808556685
"39","Comoros",395151,12512,345263,869595,174,"KM","COM",174,-11.6455,43.3333,NA,NA,NA,NA,NA,NA,NA,NA,NA,NA,NA,NA,NA,NA,45.3,65.22776031,0.0143883072004784,0.454408086523037
"40","Congo (Brazzaville)",1763496,29028,1283363,5518092,178,"CG","COG",178,-0.228,15.8277,NA,NA,NA,NA,NA,NA,NA,NA,NA,NA,NA,NA,NA,NA,NA,NA,0.00526051396026018,0.31958437807851
"41","Congo (Kinshasa)",4706293,128152,3686894,89561404,180,"CD","COD",180,-4.0383,21.7587,NA,NA,NA,NA,NA,NA,NA,NA,NA,NA,NA,NA,NA,NA,NA,NA,0.00143088422329779,0.0525482271358765
"42","Costa Rica",34718289,447832,25761217,5094114,188,"CR","CRI",188,9.7489,-83.7534,35,15,21,86,NA,NA,NA,NA,NA,NA,NA,NA,NA,NA,48.2,909.6730957,0.0879116564725485,6.81537338975924
"43","Cote d'Ivoire",7032971,42609,6350483,26378275,384,"CI","CIV",384,7.54,-5.5471,NA,NA,NA,NA,NA,NA,NA,NA,NA,NA,NA,NA,NA,NA,41.5,71.88140869,0.00161530653539703,0.266619822562317
"44","Croatia",34492327,691403,31785514,4105268,191,"HR","HRV",191,45.1,15.2,73,33,40,80,58.4382871536524,33.2589285714286,7.42248854728148,4.75641873015123,2.85920684494545,2.98545890198245,3.20056549031525,2.54820555487116,6.70997119206726,0.623048427398056,29.7,1014.22235107,0.168418480839741,8.40196717973102
"45","Cuba",5689480,56004,5072005,11326616,192,"CU","CUB",192,21.521757,-77.781167,NA,NA,NA,NA,NA,NA,NA,NA,NA,NA,NA,NA,NA,NA,NA,986.93731689,0.00494446002230498,0.502310663661591
"46","Cyprus",4579574,29499,621956,1207361,196,"CY","CYP",196,35.1264,33.4299,NA,NA,NA,NA,NA,69.8660714285714,6.79573128887199,4.76492793450858,5.4324560352331,3.05344257807741,4.34566375710757,3.06791079980302,6.38169034077456,1.21213105486034,32.7,1954.40686035,0.0244326261987922,3.79304449953245
"47","Czechia",159453179,2580387,133046208,10708982,203,"CZ","CZE",203,49.8175,15.473,NA,NA,NA,NA,NA,NA,7.13101493791191,5.1073978027261,4.76677541311251,3.06782308866647,1.20160629594466,2.81277389420314,6.90439776715014,0.890139649387434,NA,NA,0.240955396133825,14.8896672905044
"48","Denmark",30320327,395734,26813317,5792203,208,"DK","DNK",208,56.2639,9.5018,18,74,16,23,34.7607052896725,69.6428571428571,7.7362370602137,5.52528059986745,7.03201727813543,3.20706402019219,1.8437663589245,2.98425422502866,6.55072291517902,1.28068627829455,28.2,6216.76855469,0.0683218457640383,5.23467962017215
"49","Diamond Princess",299756,5128,259872,NA,9999,NA,NA,NA,NA,NA,NA,NA,NA,NA,NA,NA,NA,NA,NA,NA,NA,NA,NA,NA,NA,NA,NA,NA
"50","Djibouti",1855183,19081,1713617,988002,262,"DJ","DJI",262,11.8251,42.5903,NA,NA,NA,NA,NA,NA,NA,NA,NA,NA,NA,NA,NA,NA,41.6,70.86093903,0.0193127139418746,1.87771178600853
"51","Dominica",22727,0,19922,71991,212,"DM","DMA",212,15.415,-61.371,NA,NA,NA,NA,NA,NA,NA,NA,NA,NA,NA,NA,NA,NA,NA,490.81829834,0,0.315692239307691
"52","Dominican Republic",43981943,676181,33449994,10847904,214,"DO","DOM",214,18.7357,-70.1627,NA,NA,NA,NA,NA,NA,NA,NA,NA,NA,NA,NA,NA,NA,41.9,461.54251099,0.0623328709398608,4.05441853098995
"53","Ecuador",56045530,3631064,45434646,17643060,218,"EC","ECU",218,-1.8312,-78.1834,78,8,63,67,NA,NA,7.56649831649832,6.0546218487395,5.23425692695214,3.49830508474576,4.19430485762144,2.86071726438699,5.14333612740989,1.0885328836425,45.7,516.24798584,0.205806929183486,3.17663319174792
"54","Egypt",38914167,2169786,29002396,102334403,818,"EG","EGY",818,26.820553,30.802498,NA,NA,NA,NA,6.80100755667506,4.24107142857143,6.53780798640612,6.74496644295302,NA,2.72643869891576,4.89214046822742,2.57333333333333,7.40597539543058,NA,NA,NA,0.0212028988921741,0.380264758079451
"55","El Salvador",11263528,330608,9573349,6486201,222,"SV","SLV",222,13.7942,-88.8965,66,19,40,94,19.647355163728,88.8392857142857,NA,NA,NA,NA,NA,NA,NA,NA,38.8,288.51745605,0.0509709766934451,1.7365369960012
"56","Equatorial Guinea",1547693,24622,1294055,1402985,226,"GQ","GNQ",226,1.6508,10.2679,NA,NA,NA,NA,NA,NA,NA,NA,NA,NA,NA,NA,NA,NA,NA,314.29876709,0.0175497243377513,1.10314294165654
"57","Eritrea",343855,723,271548,3546427,232,"ER","ERI",232,15.1794,39.7823,NA,NA,NA,NA,NA,NA,NA,NA,NA,NA,NA,NA,NA,NA,NA,23.78602791,0.000203867159820292,0.0969581497095527
"58","Estonia",7913710,78561,5835508,1326539,233,"EE","EST",233,58.5953,25.0136,40,60,30,60,82.1158690176322,16.2946428571429,7.1332462537813,6.10655547018646,5.25656917142556,3.01980377617393,1.37907759176205,2.53917972935068,6.92077814603741,1.36059300802293,30.3,1552.96875,0.0592225332236745,5.96568212468687
"59","Eswatini",2514221,74695,2058971,1160164,748,"SZ","SWZ",748,-26.5225,31.4659,NA,NA,NA,NA,NA,NA,NA,NA,NA,NA,NA,NA,NA,NA,NA,271.14007568,0.0643831389355298,2.16712550984171
"60","Ethiopia",29026952,438595,20990429,114963583,231,"ET","ETH",231,9.145,40.4897,NA,NA,NA,NA,NA,46,7.47950819672131,6.46349466776046,4.71263418662263,3.18292682926829,6.23658536585366,3.2693246541904,8.24388254486134,1.80658436213992,NA,24.22611809,0.00381507768420892,0.252488233600026
"61","Fiji",13657,483,11693,896444,242,"FJ","FJI",242,-17.7134,178.065,NA,NA,NA,NA,NA,NA,NA,NA,NA,NA,NA,NA,NA,NA,36.7,214.55378723,0.000538795507583296,0.0152346381926813
"62","Finland",8888378,161995,6339672,5540718,246,"FI","FIN",246,61.92411,25.748151,33,63,26,59,38.2871536523929,57.3660714285714,7.80531669909058,5.45303004796662,5.87409442229296,3.10055799382639,1.89149246517994,2.72569630475918,5.98461074548529,1.32067942128309,27.3,4515.67724609,0.0292371855055608,1.60419245303587
"63","France",584145515,17665795,52153887,65273512,250,"FR","FRA",250,46.2276,2.2137,68,71,43,86,63.4760705289672,47.7678571428571,6.96163674854389,5.05694034952765,4.72250155563014,3.23038391105193,1.35652537703119,2.7980913795774,5.44445262493062,1.00917475437861,32.4,4690.07226563,0.270642630658513,8.94919695756527
"64","Gabon",3128956,19836,2684921,2225728,266,"GA","GAB",266,-0.8037,11.6094,NA,NA,NA,NA,NA,NA,NA,NA,NA,NA,NA,NA,NA,NA,38,218.36860657,0.00891214020760848,1.40581239037295
"65","Gambia",968448,30715,787402,2416664,270,"GM","GMB",270,13.4432,-15.3101,NA,NA,NA,NA,NA,NA,NA,NA,NA,NA,NA,NA,NA,NA,NA,NA,0.0127096691968764,0.40073754564143
"66","Georgia",35982765,427911,33359959,3989175,268,"GE","GEO",268,42.3154,43.3569,NA,NA,NA,NA,38.2871536523929,31.9196428571429,6.42254379817845,9.01501808577026,4.07972581979766,3.0891572245542,3.22368325261943,2.26969982987087,6.58687031396802,1.19130315855414,35.9,312.74691772,0.107268044144466,9.02010190076896
"67","Germany",359059325,9332055,304105446,83783945,276,"DE","DEU",276,51.165691,10.451526,35,67,66,65,82.8715365239295,40.4017857142857,7.19112198038486,5.66582961926507,5.85468562340388,3.11101021220737,2.05450208765608,2.70876624108899,6.55647609750752,1.28121204292772,31.9,5472.20214844,0.111382377614231,4.28553853605246
"68","Ghana",16334873,108279,15241509,31072945,288,"GH","GHA",288,7.9465,-1.0232,NA,NA,NA,NA,3.5264483627204,72.3214285714286,NA,NA,NA,NA,NA,NA,NA,NA,43.5,77.91143036,0.00348467131132887,0.525694394271287
"69","Greece",27520763,866210,13876261,10423056,300,"GR","GRC",300,39.0742,21.8243,60,35,57,112,45.3400503778337,49.5535714285714,5.99287278671615,5.31733429783517,4.20324142185778,2.78900567669983,4.09677629795111,3.16491316596294,5.81480321232728,0.656588739940734,32.9,1566.89990234,0.0831051852738774,2.64037370613762
"70","Grenada",23091,99,20758,112519,308,"GD","GRD",308,12.1165,-61.679,NA,NA,NA,NA,NA,NA,NA,NA,NA,NA,NA,NA,NA,NA,NA,474.5328064,0.000879851402874181,0.205218674179472
"71","Guatemala",33692831,1200492,29610163,17915567,320,"GT","GTM",320,15.7835,-90.2308,95,6,37,101,NA,NA,7.74896093100582,7.18571428571429,3.91878172588833,3.40980881130507,4.61429758935993,3.04821280133001,5.23773265651438,0.679966749792186,48.3,259.62017822,0.0670083174035184,1.88064553022519
"72","Guinea",3788867,22503,3375018,13132792,324,"GN","GIN",324,9.9456,-9.6966,NA,NA,NA,NA,NA,NA,NA,NA,NA,NA,NA,NA,NA,NA,33.7,38.31764221,0.00171349702332908,0.288504302816949
"73","Guinea-Bissau",794494,12496,554122,1967998,624,"GW","GNB",624,11.8037,-15.1804,NA,NA,NA,NA,NA,NA,NA,NA,NA,NA,NA,NA,NA,NA,NA,53.29457474,0.00634959994878044,0.403706711084056
"74","Guyana",1399091,36102,1173708,786559,328,"GY","GUY",328,4.860416,-58.93018,NA,NA,NA,NA,NA,NA,NA,NA,NA,NA,NA,NA,NA,NA,NA,295.55789185,0.0458986547735135,1.77874895589523
"75","Haiti",2896884,65559,2149612,11402533,332,"HT","HTI",332,18.9712,-72.2852,NA,NA,NA,NA,NA,NA,NA,NA,NA,NA,NA,NA,NA,NA,NA,64.24588013,0.00574951197247138,0.25405618207814
"76","Holy See",7156,0,4369,809,336,"VA","VAT",336,41.9029,12.4534,NA,NA,NA,NA,NA,NA,NA,NA,NA,NA,NA,NA,NA,NA,NA,NA,0,8.84548825710754
"77","Honduras",30736471,813025,11591934,9904608,340,"HN","HND",340,15.2,-86.2419,NA,NA,NA,NA,NA,NA,NA,NA,NA,NA,NA,NA,NA,NA,48.2,176.24726868,0.0820855302905476,3.10324961876331
"78","Hungary",61474409,1971431,35591539,9660350,348,"HU","HUN",348,47.1625,19.5033,46,80,88,82,58.1863979848866,31.4732142857143,7.01081824892867,5.60820875444926,4.71357167242031,2.99905884531872,2.00595627410786,2.50480000394401,6.37993011343414,1.20218764886234,29.6,1081.80285645,0.204074490054708,6.36357989099774
"79","Iceland",1418131,6603,1316583,341250,352,"IS","ISL",352,64.9631,-19.0208,NA,NA,NA,NA,27.9596977329975,66.7410714285714,7.74074053866375,4.91606181663812,4.51836051597272,3.39420553604472,1.51497970393005,2.9864187542202,7.05063740295991,1.1350604098511,26.1,6530.93212891,0.0193494505494505,4.15569523809524
"80","India",2215979968,33020268,2037731092,1380004385,356,"IN","IND",356,20.593684,78.96288,77,48,56,40,50.8816120906801,26.1160714285714,NA,NA,NA,NA,NA,NA,NA,NA,35.7,72.83453369,0.0239276544037938,1.60577748309111
"81","Indonesia",183965656,5542459,152149318,273523621,360,"ID","IDN",360,-0.7893,113.9213,78,14,46,48,61.9647355163728,37.7232142857143,7.66480952520393,6.81502888416827,6.04517253094616,3.37040581947695,5.34484787345262,2.87964917074633,5.50646474595159,2.13448680388512,38.2,111.67790985,0.0202631823157971,0.672576852146894
"82","Iran",277958375,12235117,228130422,83992953,364,"IR","IRN",364,32.427908,53.688046,58,41,43,59,13.6020151133501,40.4017857142857,6.92426273458445,6.85302013422819,5.60925799863853,2.78022712090848,4.05689424364123,2.85447263017356,6.46904441453567,1.4150436534587,NA,NA,0.145668375298104,3.30930590093671
"83","Iraq",135364924,2982858,118313939,40222503,368,"IQ","IRQ",368,33.223191,43.679291,NA,NA,NA,NA,24.9370277078086,16.7410714285714,6.7825,4.72416666666667,3.59583333333333,2.78710771840543,3.44013781223084,2.60333333333333,2.86333333333333,0.725625539257981,NA,239.41305542,0.0741589353601391,3.36540279455011
"84","Ireland",30967681,845651,8025442,4937796,372,"IE","IRL",372,53.1424,-7.6921,28,70,68,35,24.4332493702771,64.9553571428571,NA,NA,NA,NA,NA,NA,NA,NA,31.4,5489.07080078,0.171260821629731,6.27155941638739
"85","Israel",113015754,868790,102145547,8655541,376,"IL","ISR",376,31.046051,34.851612,13,54,47,81,37.5314861460957,NA,NA,NA,NA,NA,NA,NA,NA,NA,39,3323.65063477,0.100373853003527,13.0570410330215
"86","Italy",442409435,20169261,318224198,60461828,380,"IT","ITA",380,41.87194,12.56738,50,76,70,75,61.4609571788413,29.6875,7.11304858375751,5.49680508401472,4.71375289562567,2.98328538217124,3.52753704433173,2.82580591140297,5.77597430068591,1.0008903777855,35.9,2988.99584961,0.333586688778249,7.3171693551839
"87","Jamaica",3565295,66853,2022266,2961161,388,"JM","JAM",388,18.1096,-77.2975,45,39,68,13,NA,NA,NA,NA,NA,NA,NA,NA,NA,NA,NA,320.97631836,0.0225766177522938,1.20401930188868
"88","Japan",59382838,1064395,51934210,126476458,392,"JP","JPN",392,36.204824,138.252924,54,46,95,92,87.9093198992443,41.7410714285714,6.04594180704441,5.35630383711825,5.61229508196721,3.20166163141994,2.82615156017831,2.52572706935123,5.42913385826772,1.35880933226066,32.9,4266.58691406,0.00841575591878134,0.469516927806438
"89","Jordan",56194216,680446,46630440,10203140,400,"JO","JOR",400,31.24,36.51,NA,NA,NA,NA,16.1209068010076,43.0803571428571,7.36907730673317,7.9608659450458,5.4229035166817,3.07756463719767,4.19866444073456,3.15307820299501,7.43265993265993,1.18963831867058,NA,330.14187622,0.0666898621404783,5.50754140392075
"90","Kazakhstan",51492218,651532,43841739,18776707,398,"KZ","KAZ",398,48.0196,66.9237,NA,NA,NA,NA,NA,NA,6.66533226581265,7.33012820512821,6.33389830508475,3.18744838976053,3.71050454921423,2.71632329635499,5.36820762368208,1.88541666666667,27.8,275.85461426,0.0346989490755754,2.7423455028616
"91","Kenya",20019825,348354,14728121,53771300,404,"KE","KEN",404,-0.0236,37.9062,NA,NA,NA,NA,NA,NA,NA,NA,NA,NA,NA,NA,NA,NA,40.8,88.38527679,0.0064784373820235,0.372314320092689
"92","Korea, South",14781163,256642,12532676,51269183,410,"KR","KOR",410,35.907757,127.766922,NA,NA,NA,NA,NA,NA,6.98473895582329,6.66024096385542,6.78473895582329,2.93092369477912,1.95100401606426,3.0570281124498,5.25622489959839,1.47710843373494,NA,NA,0.00500577510665618,0.288305023311957
"93","Kosovo",10883420,280234,8732310,1810366,383,"XK","XKS",383,42.602636,20.902977,NA,NA,NA,NA,NA,NA,NA,NA,NA,NA,NA,NA,NA,NA,29,NA,0.154794113455511,6.01172359622308
"94","Kuwait",39936162,241885,36682279,4270563,414,"KW","KWT",414,29.31166,47.481766,NA,NA,NA,NA,NA,NA,NA,NA,NA,NA,NA,NA,NA,NA,NA,1711.22338867,0.0566400729833514,9.3514981514147
"95","Kyrgyzstan",18027442,350316,16303412,6524191,417,"KG","KGZ",417,41.20438,74.766098,NA,NA,NA,NA,NA,NA,7.64355072358896,8.72825419281765,5.09932161575254,3.64627147451833,2.87648912096355,3.09872793504063,5.47419502679375,1.47119412582205,NA,NA,0.0536949332108763,2.76316895075573
"96","Laos",11050,0,9555,7275556,418,"LA","LAO",418,19.85627,102.495496,NA,NA,NA,NA,NA,NA,NA,NA,NA,NA,NA,NA,NA,NA,NA,NA,0,0.00151878426885863
"97","Latvia",9442911,168557,7461951,1886202,428,"LV","LVA",428,56.8796,24.6032,44,70,9,63,68.7657430730479,12.9464285714286,NA,NA,NA,NA,NA,NA,NA,NA,35.1,1101.49255371,0.0893631753120822,5.00630950449634
"98","Lebanon",46607741,508991,32378323,6825442,422,"LB","LBN",422,33.8547,35.8623,NA,NA,NA,NA,NA,NA,5.88083333333333,5.89799331103679,3.85581000848176,3.03,4.00083822296731,2.91,5.49158249158249,0.909243697478991,NA,686.46777344,0.0745726064334002,6.82853081163095
"99","Lesotho",1188787,28947,455985,2142252,426,"LS","LSO",426,-29.61,28.2336,NA,NA,NA,NA,NA,NA,NA,NA,NA,NA,NA,NA,NA,NA,44.9,124.78967285,0.0135124159062519,0.554923977197827
"100","Liberia",475259,24703,387696,5057677,430,"LR","LBR",430,6.428055,-9.429499,NA,NA,NA,NA,NA,NA,NA,NA,NA,NA,NA,NA,NA,NA,35.3,45.42477798,0.00488425812878126,0.0939678433399365
"101","Libya",20903316,326071,16038060,6871287,434,"LY","LBY",434,26.3351,17.228331,NA,NA,NA,NA,NA,NA,NA,NA,NA,NA,NA,NA,NA,NA,NA,NA,0.0474541377765184,3.04212529617814
"102","Liechtenstein",360248,6508,329575,38137,438,"LI","LIE",438,47.14,9.55,NA,NA,NA,NA,NA,NA,NA,NA,NA,NA,NA,NA,NA,NA,NA,NA,0.170647927209796,9.44615465296169
"103","Lithuania",24212128,364760,19862101,2722291,440,"LT","LTU",440,55.1694,23.8813,42,60,19,65,81.8639798488665,15.625,7.35245014514501,4.64894794151084,4.72401370107682,2.91514812792389,3.41244052758694,2.52493942828956,5.98391345040402,1.32502277146424,35.7,1249.25463867,0.133990084087263,8.89402639174137
"104","Luxembourg",8913965,107370,7736174,625976,442,"LU","LUX",442,49.8153,6.1296,40,60,50,70,63.9798488664987,56.0267857142857,NA,NA,NA,NA,NA,NA,NA,NA,35.4,6227.08398438,0.171524147890654,14.2401066494562
"105","MS Zaandam",3392,752,910,NA,8888,NA,NA,NA,NA,NA,NA,NA,NA,NA,NA,NA,NA,NA,NA,NA,NA,NA,NA,NA,NA,NA,NA,NA
"106","Madagascar",4793917,68366,4410063,27691019,450,"MG","MDG",450,-18.766947,46.869107,NA,NA,NA,NA,NA,NA,NA,NA,NA,NA,NA,NA,NA,NA,42.6,22.0497551,0.00246888711462731,0.173121725856315
"107","Malawi",3597551,112187,2456745,19129955,454,"MW","MWI",454,-13.2543,34.3015,NA,NA,NA,NA,NA,NA,NA,NA,NA,NA,NA,NA,NA,NA,44.7,35.49821854,0.00586446753272551,0.188058518694895
"108","Malaysia",32560444,146968,28262102,32365998,458,"MY","MYS",458,4.210484,101.975766,104,26,50,36,40.8060453400504,57.1428571428571,7.18050266565118,6.46382330540746,5.38309215536938,3.02817974105103,4.54226961157654,2.81111957349581,5.8042650418888,1.48246951219512,41.1,427.21704102,0.00454081471549247,1.00600772452621
"109","Maldives",3685953,12175,3190490,540542,462,"MV","MDV",462,3.2028,73.2207,NA,NA,NA,NA,NA,NA,NA,NA,NA,NA,NA,NA,NA,NA,31.3,973.53692627,0.0225236891860392,6.81899463871448
"110","Mali",1612469,66060,1142947,20250834,466,"ML","MLI",466,17.570692,-3.996166,NA,NA,NA,NA,20.1511335012594,42.6339285714286,NA,NA,NA,NA,NA,NA,NA,NA,NA,34.95166016,0.0032620878725291,0.0796248194024997
"111","Malta",3102188,42670,2631801,441539,470,"MT","MLT",470,35.9375,14.3754,56,59,47,96,47.1032745591939,65.625,NA,NA,NA,NA,NA,NA,NA,NA,28.7,2753.51098633,0.0966392549695497,7.0258527559287
"112","Marshall Islands",612,0,540,58413,584,"MH","MHL",584,7.1315,171.1845,NA,NA,NA,NA,NA,NA,NA,NA,NA,NA,NA,NA,NA,NA,NA,643.06591797,0,0.0104771198192183
"113","Mauritania",3212010,77983,2830964,4649660,478,"MR","MRT",478,21.0079,-10.9408,NA,NA,NA,NA,NA,NA,NA,NA,NA,NA,NA,NA,NA,NA,32.6,54.48972321,0.0167717639569345,0.690805349208329
"114","Mauritius",175532,3765,151563,1271767,480,"MU","MUS",480,-20.348404,57.552152,NA,NA,NA,NA,NA,NA,NA,NA,NA,NA,NA,NA,NA,NA,36.8,653.347229,0.0029604479436878,0.138022137702897
"115","Mexico",347507266,32566904,271790214,127792286,484,"MX","MEX",484,23.6345,-102.5528,81,30,69,82,24.1813602015113,97.3214285714286,8.16638177648617,5.74337884451445,4.41310694821706,3.50534618948759,4.27827701976382,2.89760544150296,5.58889223186357,0.680180049942505,45.4,519.60546875,0.254842487127901,2.71931332381048
"116","Micronesia",81,0,73,113815,583,"FM","FSM",583,7.4256,150.5508,NA,NA,NA,NA,NA,NA,NA,NA,NA,NA,NA,NA,NA,NA,NA,NA,0,0.000711681237095286
"117","Moldova",30863774,692517,26394728,4033963,498,"MD","MDA",498,47.4116,28.3699,NA,NA,NA,NA,71.0327455919395,19.1964285714286,NA,NA,NA,NA,NA,NA,NA,NA,25.7,212.97038269,0.171671629115091,7.65098093363772
"118","Monaco",246420,2782,212681,39244,492,"MC","MCO",492,43.7333,7.4167,NA,NA,NA,NA,NA,NA,NA,NA,NA,NA,NA,NA,NA,NA,NA,2968.50048828,0.0708898175517277,6.27917643461421
"119","Mongolia",487768,402,324225,3278292,496,"MN","MNG",496,46.8625,103.8467,NA,NA,NA,NA,NA,NA,NA,NA,NA,NA,NA,NA,NA,NA,32.7,155.09367371,0.00012262483024697,0.14878723432812
"120","Montenegro",10304358,143818,8507291,628062,499,"ME","MNE",499,42.708678,19.37439,NA,NA,NA,NA,75.3148614609572,19.8660714285714,7.68866034297878,4.61933057378053,5.00433582509555,3.26030527454586,3.79912478020975,2.97183736974831,5.54889305843619,1.20351310418334,38.5,731.48168945,0.22898694714853,16.4065936165538
"121","Morocco",79984892,1389740,73202797,36910558,504,"MA","MAR",504,31.7917,-7.0926,70,46,53,68,14.1057934508816,25.4464285714286,NA,NA,NA,NA,NA,NA,NA,NA,39.5,174.78184509,0.0376515575841471,2.16699221940779
"122","Mozambique",6619839,65935,4944094,31255435,508,"MZ","MOZ",508,-18.665695,35.529562,NA,NA,NA,NA,NA,NA,NA,NA,NA,NA,NA,NA,NA,NA,54,40.26391602,0.00210955310652371,0.211798012089737
"123","Namibia",5532484,58079,4893240,2540916,516,NA,"NAM",516,-22.9576,18.4904,NA,NA,NA,NA,NA,NA,NA,NA,NA,NA,NA,NA,NA,NA,59.1,471.48568726,0.0228575049312925,2.17735808661129
"124","Nepal",48754063,376262,44633204,29136808,524,"NP","NPL",524,28.1667,84.25,NA,NA,NA,NA,NA,NA,NA,NA,NA,NA,NA,NA,NA,NA,NA,57.84656143,0.0129136314451466,1.67328085492412
"125","Netherlands",160610960,3328935,2109932,17134873,528,"NL","NLD",528,52.1326,5.2913,38,80,14,53,67.0025188916877,68.3035714285714,6.9897978847536,5.62143279932048,5.8424203976094,3.28989993205935,1.60008324868191,2.85276209413313,5.06025079342863,1.42471979787552,28.1,5306.53466797,0.194278358526497,9.37333822083187
"126","New Zealand",710038,8562,660167,4822233,554,"NZ","NZL",554,-40.9006,174.886,22,79,58,49,32.7455919395466,74.5535714285714,7.68805528134255,6.06026557711951,5.50146627565982,3.26528599605523,1.44271844660194,2.95280235988201,6.64242424242424,1.55147808358818,NA,4037.46289063,0.00177552598557556,0.147242574135261
"127","Nicaragua",1593882,45639,1082112,6624554,558,"NI","NIC",558,12.865416,-85.207229,NA,NA,NA,NA,NA,NA,7.995,6.90416666666667,4.84583333333333,3.33333333333333,4.00416666666667,2.89166666666667,4.4625,1.06416666666667,46.2,173.76611328,0.00688936945792879,0.240602159783134
"128","Niger",794434,33926,657279,24206636,562,"NE","NER",562,17.607789,8.081666,NA,NA,NA,NA,NA,NA,NA,NA,NA,NA,NA,NA,NA,NA,34.3,30.35857964,0.0014015165097703,0.0328188518222854
"129","Nigeria",25477976,391073,21048190,206139587,566,"NG","NGA",566,9.082,8.6753,NA,NA,NA,NA,12.8463476070529,83.9285714285714,6.76705026303561,7.49465261835401,4.27404345683943,3.10532619440258,6.18091201045846,3.18179332774183,6.40744492306231,1.30283565572409,35.1,83.75351715,0.00189712711513291,0.123595745828287
"130","North Macedonia",16359280,510959,12869497,2083380,807,"MK","MKD",807,41.6086,21.7453,NA,NA,NA,NA,NA,NA,7.38044149240856,6.29201710507623,3.43655690518226,3.22339576889553,3.99738514828296,2.86362408232382,6.39615239601625,0.888416578758398,33,399.09707642,0.245254826291891,7.8522785089614
"131","Norway",11763773,132387,4350347,5421242,578,"NO","NOR",578,60.472,8.4689,31,69,8,50,34.5088161209068,55.1339285714286,7.69457569867481,5.59081060687045,6.7475626999949,3.34807793804225,2.01980765942684,3.0441629715762,6.50336762863915,1.61249038427521,27.6,8239.09570313,0.0244200498704909,2.16994057819223
"132","Oman",33407125,333624,29854672,5106622,512,"OM","OMN",512,21.512583,55.923255,NA,NA,NA,NA,NA,NA,NA,NA,NA,NA,NA,NA,NA,NA,NA,678.23101807,0.0653316419347271,6.54192242934762
"133","Pakistan",125456934,2655484,110398899,220892331,586,"PK","PAK",586,30.3753,69.3451,55,14,50,70,49.8740554156171,0,7.66415284062343,7.18929833417466,6.43148242485991,3.34671349724034,4.6234756097561,2.95383843452082,5.65989847715736,1.70924885028104,31.6,42.87313461,0.0120216215202148,0.56795513647778
"134","Panama",55827451,1007976,47672840,4314768,591,"PA","PAN",591,8.538,-80.7821,95,11,44,86,NA,NA,NA,NA,NA,NA,NA,NA,NA,NA,49.8,1131.66015625,0.233610706299852,12.9386912575601
"135","Papua New Guinea",306633,3126,149884,8947027,598,"PG","PNG",598,-6.314993,143.95555,NA,NA,NA,NA,NA,NA,NA,NA,NA,NA,NA,NA,NA,NA,NA,63.7678833,0.000349389802892067,0.0342720548401162
"136","Paraguay",24242972,491517,18692653,7132530,600,"PY","PRY",600,-23.4425,-58.4438,NA,NA,NA,NA,NA,NA,NA,NA,NA,NA,NA,NA,NA,NA,45.7,400.39273071,0.0689120129883786,3.39893025336031
"137","Peru",273925803,10187219,239342920,32971846,604,"PE","PER",604,-9.19,-75.0152,64,16,42,87,25.1889168765743,46.2053571428571,7.69209783128352,5.96723817377701,3.70411125878701,3.16148687591242,4.20196402886489,2.62697336952346,6.55508002409587,0.539068677066207,41.5,369.07846069,0.308967201897037,8.30786978078206
"138","Philippines",113278782,2228383,96565139,109581085,608,"PH","PHL",608,12.879721,121.774017,94,32,64,44,27.455919395466,41.9642857142857,6.66406605443716,6.16426893915157,6.36043077164593,3.4390560998218,5.26946317976692,2.57686943080191,5.7349793748349,2.15132978657222,42.3,136.53881836,0.0203354712175007,1.03374393491358
"139","Poland",246731569,5685615,189941975,37846605,616,"PL","POL",616,51.9194,19.1451,68,60,64,93,37.7833753148615,29.2410714285714,7.04316993727798,7.16871677432525,4.66448421227135,3.22357116578745,4.57876753042181,2.65887839401528,6.32846006811122,0.960090859540681,30.2,978.73565674,0.150227873807968,6.51925236094493
"140","Portugal",101732190,2021273,82324683,10196707,620,"PT","PRT",620,39.3999,-8.2245,63,27,31,104,28.2115869017632,33.2589285714286,7.12986098678899,5.24241784944182,5.78258673766941,3.05184282617745,2.59171058770581,2.62017964386099,5.89629780126716,1.11697463037551,33.5,2215.17358398,0.198228016162473,9.97696511236422
"141","Qatar",42847782,67905,39737150,2881060,634,"QA","QAT",634,25.3548,51.1839,NA,NA,NA,NA,NA,NA,NA,NA,NA,NA,NA,NA,NA,NA,NA,1716.26513672,0.0235694501329372,14.8722282770925
"142","Romania",122395596,3267162,104004659,19237682,642,"RO","ROU",642,45.9432,24.9668,90,30,42,90,51.8891687657431,19.8660714285714,7.67325848338392,7.449708117163,3.89043635700116,2.96003827537551,4.2363905332079,2.75697258667899,7.02633011592906,0.79770950463216,35.8,687.25439453,0.169831375734353,6.36228397995143
"143","Russia",700337127,13075623,578557735,145934460,643,"RU","RUS",643,61.52401,105.318756,93,39,36,95,81.360201511335,19.8660714285714,6.72656458727057,6.35855616110307,5.37390159970652,2.95393868298771,2.27630788472594,2.45182465424388,5.71929144420969,1.50579427003396,NA,NA,0.089599283130249,4.79898392059011
"144","Rwanda",2552807,28602,2096101,12952209,646,"RW","RWA",646,-1.9403,29.8739,NA,NA,NA,NA,18.3879093198992,37.2767857142857,NA,NA,NA,NA,NA,NA,NA,NA,43.7,58.30852127,0.00220827196349287,0.197094333483964
"145","Saint Kitts and Nevis",8952,0,8091,53192,659,"KN","KNA",659,17.357822,-62.782998,NA,NA,NA,NA,NA,NA,NA,NA,NA,NA,NA,NA,NA,NA,NA,NA,0,0.16829598435855
"146","Saint Lucia",279706,3357,237275,183629,662,"LC","LCA",662,13.9094,-60.9789,NA,NA,NA,NA,NA,NA,NA,NA,NA,NA,NA,NA,NA,NA,NA,NA,0.0182814261363946,1.52321256446422
"147","Saint Vincent and the Grenadines",138580,559,90742,110947,670,"VC","VCT",670,12.9843,-61.2872,NA,NA,NA,NA,NA,NA,NA,NA,NA,NA,NA,NA,NA,NA,NA,NA,0.00503844177850685,1.24906486881123
"148","Samoa",337,0,252,196130,882,"WS","WSM",882,-13.759,-172.1046,NA,NA,NA,NA,NA,NA,NA,NA,NA,NA,NA,NA,NA,NA,38.7,227.32792664,0,0.0017182481007495
"149","San Marino",608954,19374,506466,33938,674,"SM","SMR",674,43.9424,12.4578,NA,NA,NA,NA,NA,NA,NA,NA,NA,NA,NA,NA,NA,NA,NA,3463.70068359,0.570864517649832,17.9431315929047
"150","Sao Tome and Principe",360036,5910,298497,219161,678,"ST","STP",678,0.1864,6.6131,NA,NA,NA,NA,NA,NA,NA,NA,NA,NA,NA,NA,NA,NA,56.3,125.40039825,0.0269664766997778,1.64279228512372
"151","Saudi Arabia",102808341,1523402,95065005,34813867,682,"SA","SAU",682,23.885942,45.079162,NA,NA,NA,NA,35.5163727959698,52.2321428571429,NA,NA,NA,NA,NA,NA,NA,NA,NA,1484.59338379,0.0437584827907799,2.95308593555551
"152","Senegal",5950635,134408,5032194,16743930,686,"SN","SEN",686,14.4974,-14.4524,NA,NA,NA,NA,NA,NA,NA,NA,NA,NA,NA,NA,NA,NA,40.3,58.90360641,0.00802726719473863,0.355390580347624
"153","Serbia",62496509,650193,735730,8737370,688,"RS","SRB",688,44.0165,21.0059,86,25,43,92,52.1410579345088,28.125,6.74749082172572,5.20143726063393,4.62974295544983,2.94806285322637,2.94312270504918,2.60143989094206,6.15092522943802,1.00058551735564,36.2,617.08654785,0.0744151844319286,7.15278270234636
"154","Seychelles",260012,1056,218688,98340,690,"SC","SYC",690,-4.6796,55.492,NA,NA,NA,NA,NA,NA,NA,NA,NA,NA,NA,NA,NA,NA,32.1,833.07897949,0.010738255033557,2.6440105755542
"155","Sierra Leone",812860,23455,577590,7976985,694,"SL","SLE",694,8.460555,-11.779889,NA,NA,NA,NA,NA,NA,NA,NA,NA,NA,NA,NA,NA,NA,35.7,85.77548218,0.00294033397329944,0.101900655448142
"156","Singapore",18534073,9754,17213503,5850343,702,"SG","SGP",702,1.2833,103.8333,74,20,48,8,71.536523929471,45.5357142857143,NA,NA,NA,NA,NA,NA,NA,NA,NA,2823.63818359,0.00166725267219375,3.16803185727743
"157","Slovakia",37403286,716797,27515595,5459643,703,"SK","SVK",703,48.669,19.699,NA,NA,NA,NA,NA,NA,7.23191939565381,4.94272098569334,4.93845734074892,3.08732609150507,2.95766277242083,2.8526174531073,6.29733604054801,1.10821747483244,NA,NA,0.131290086183291,6.85086662259785
"158","Slovenia",23894581,486843,20294642,2078932,705,"SI","SVN",705,46.1512,14.9955,71,27,19,88,48.6146095717884,47.5446428571429,7.63119504523096,5.57431845446042,4.0277196476091,3.04076745566547,2.60009364044959,2.6718707308809,5.84957828880068,0.870290243704993,24.6,2169.57910156,0.23417937671843,11.4936808899954
"159","Solomon Islands",2862,0,1643,652858,90,"SB","SLB",90,-9.6457,160.1562,NA,NA,NA,NA,NA,NA,NA,NA,NA,NA,NA,NA,NA,NA,37.1,94.96378326,0,0.00438380168428663
"160","Somalia",1539799,50374,926906,15893219,706,"SO","SOM",706,5.152149,46.199616,NA,NA,NA,NA,NA,NA,NA,NA,NA,NA,NA,NA,NA,NA,36.8,NA,0.00316952783448086,0.0968840233057885
"161","South Africa",269310062,7623760,237370617,59308690,710,"ZA","ZAF",710,-30.5595,22.9375,NA,NA,NA,NA,34,63,NA,NA,NA,NA,NA,NA,NA,NA,63,525.95690918,0.12854372605431,4.54081959996082
"162","South Sudan",1240701,19078,834563,11193729,728,"SS","SSD",728,6.877,31.307,NA,NA,NA,NA,NA,NA,NA,NA,NA,NA,NA,NA,NA,NA,44.1,26.78586388,0.00170434713936705,0.110838934907215
"163","Spain",479067499,15298399,53890591,46754783,724,"ES","ESP",724,40.463667,-3.74922,57,51,42,86,47.6070528967254,43.5267857142857,7.40659062458786,5.27802354268781,4.96345857913997,3.09553053762586,2.10115156266867,3.01849224600495,5.71138419265046,0.873566399590225,34.7,2736.32324219,0.32720500488688,10.2463848244146
"164","Sri Lanka",9651805,51280,8521507,21413250,144,"LK","LKA",144,7.873054,80.771797,NA,NA,NA,NA,NA,NA,NA,NA,NA,NA,NA,NA,NA,NA,39.3,157.46585083,0.00239477893360419,0.450739845656311
"165","Sudan",5994301,374050,3646926,43849269,729,"SD","SDN",729,12.8628,30.2176,NA,NA,NA,NA,NA,NA,NA,NA,NA,NA,NA,NA,NA,NA,34.2,60.17465973,0.00853035885273253,0.136702415723282
"166","Suriname",1613587,31851,1475082,586634,740,"SR","SUR",740,3.9193,-56.0278,85,47,37,92,NA,NA,NA,NA,NA,NA,NA,NA,NA,NA,NA,474.1265564,0.0542945004892318,2.75058554396779
"167","Sweden",94784450,2659408,0,10099270,752,"SE","SWE",752,60.128161,18.643501,31,71,5,29,52.896725440806,77.6785714285714,7.64740394389463,6.38021460787669,6.36774089579725,3.3268770978994,1.40737165562911,2.98722998073376,6.72697129887908,1.47128960662024,30,5981.70605469,0.263326755300136,9.38527735172938
"168","Switzerland",84031208,1676872,52744383,8654618,756,"CH","CHE",756,46.8182,8.2275,34,68,70,58,73.551637279597,66.0714285714286,7.41372274746946,5.02112877502872,7.04476484889374,3.28210615692294,1.78889044252893,3.02271558787018,6.08362518746768,1.72623850955114,33.1,9870.6640625,0.193754594368001,9.70940693165198
"169","Syria",2398476,145989,1256692,17500657,760,"SY","SYR",760,34.802075,38.996815,NA,NA,NA,NA,NA,NA,NA,NA,NA,NA,NA,NA,NA,NA,NA,NA,0.00834191539209071,0.137050626156492
"170","Taiwan*",240169,2823,210792,23816775,158,"TW","TWN",158,23.7,121,NA,NA,NA,NA,NA,NA,7.27614229186269,7.17244067724513,5.11450727683407,3.14930540699996,2.68925398552508,2.76603117629815,6.65642466870679,1.47909175911638,NA,NA,0.000118529901718432,0.0100840269096047
"171","Tajikistan",3349458,25158,3072334,9537642,762,"TJ","TJK",762,38.861,71.2761,NA,NA,NA,NA,NA,NA,7.48416666666667,8.0625,8.09333333333333,3.56583333333333,3.265,2.9675,5.5825,2.43087362171332,34,59.84311676,0.00263775889260679,0.351183028257928
"172","Tanzania",180649,7403,63943,59734213,834,"TZ","TZA",834,-6.369028,34.888822,NA,NA,NA,NA,34.0050377833753,38.3928571428571,NA,NA,NA,NA,NA,NA,NA,NA,40.5,36.82281494,0.00012393232668856,0.00302421327623417
"173","Thailand",3211901,23791,2819152,69799978,764,"TH","THA",764,15.870032,100.992541,64,20,34,64,31.7380352644836,45.0892857142857,6.13916642537482,5.48235093590536,5.46227611727624,3.14762163772746,3.76489764979123,2.89981633282797,4.72737135706757,1.58227080966242,43.3,275.91650391,0.00034084537963608,0.046015788142512
"174","Timor-Leste",28233,6,16910,1318442,626,"TL","TLS",626,-8.874217,125.727539,NA,NA,NA,NA,NA,NA,NA,NA,NA,NA,NA,NA,NA,NA,28.7,93.69417572,4.55082589905358e-06,0.0214139112679966
"175","Togo",1068277,17559,853962,8278737,768,"TG","TGO",768,8.6195,0.8248,NA,NA,NA,NA,NA,NA,NA,NA,NA,NA,NA,NA,NA,NA,43.1,41.83677292,0.00212097569955417,0.129038644421244
"176","Trinidad and Tobago",1471256,26922,1261172,1399491,780,"TT","TTO",780,10.6918,-61.2225,NA,NA,NA,NA,NA,NA,NA,NA,NA,NA,NA,NA,NA,NA,NA,1123.42370605,0.0192369940213978,1.05127935799516
"177","Tunisia",29769762,971989,22621699,11818618,788,"TN","TUN",788,33.886917,9.537499,NA,NA,NA,NA,NA,NA,6.17798013245033,6.369384359401,3.67788057190917,2.88640132669983,3.50588235294118,2.46268656716418,7.07190635451505,0.595439189189189,32.8,251.54672241,0.0822421877075645,2.51888689523597
"178","Turkey",387642827,4852267,350496190,84339067,792,"TR","TUR",792,38.9637,35.2433,66,37,45,85,45.5919395465995,49.1071428571429,6.65411961522376,5.21337849280271,6.03243704652155,3.05650186954715,4.03109508787742,2.84081463009144,5.34716981132075,1.86363636363636,41.9,389.86557007,0.0575328512941695,4.59624277086205
"179","US",4489191153,95789527,496971828,329466283,840,"US","USA",840,40,-100,NA,NA,NA,NA,NA,NA,7.74457673241216,4.92977858384072,4.48738923874004,3.15490030866388,2.91744715292629,2.88326371826512,6.69914071142696,1.12760143671795,NA,NA,0.290741517243511,13.6256466431802
"180","Uganda",5980287,49460,2797335,45741000,800,"UG","UGA",800,1.373333,32.290275,NA,NA,NA,NA,23.6775818639798,52.4553571428571,NA,NA,NA,NA,NA,NA,NA,NA,42.8,43.13787842,0.00108130561203297,0.130742375549288
"181","Ukraine",208597111,3982499,149547858,43733759,804,"UA","UKR",804,48.3794,31.1656,NA,NA,NA,NA,86.3979848866499,14.2857142857143,6.22500238736865,6.15996256146739,4.05442984412711,2.96498087414209,3.67642077469289,2.37360155958685,5.85952332807096,0.842207278967825,26.6,228.39007568,0.0910623529982867,4.76970458907957
"182","United Arab Emirates",58392364,211426,53495950,9890400,784,"AE","ARE",784,23.424076,53.847818,NA,NA,NA,NA,NA,NA,NA,NA,NA,NA,NA,NA,NA,NA,26,1817.34765625,0.0213768907223166,5.9039436220982
"183","United Kingdom",569921649,22795186,1617671,67886004,826,"GB","GBR",826,55.3781,-3.436,NA,NA,NA,NA,NA,NA,7.36268241662935,5.5303696242707,5.1448647567777,3.33086039565764,1.54762786072798,2.89850280737433,6.22609779855404,1.14347399268589,35.1,4315.42773438,0.335786239531789,8.3952746577925
"184","Uruguay",6863669,73460,5547521,3473727,858,"UY","URY",858,-32.5228,-55.7658,61,36,38,100,26.1964735516373,53.3482142857143,NA,NA,NA,NA,NA,NA,NA,NA,39.7,1590.04821777,0.0211473152611014,1.97588037286753
"185","Uzbekistan",17757044,138449,16766763,33469199,860,"UZ","UZB",860,41.377491,64.585262,NA,NA,NA,NA,NA,NA,NA,NA,NA,NA,NA,NA,NA,NA,NA,82.26926422,0.00413660930457284,0.530548818930504
"186","Vanuatu",223,0,130,292680,548,"VU","VUT",548,-15.3767,166.9592,NA,NA,NA,NA,NA,NA,NA,NA,NA,NA,NA,NA,NA,NA,NA,105.3915863,0,0.000761924285909526
"187","Venezuela",26191136,240286,23817768,28435943,862,"VE","VEN",862,6.4238,-66.5897,81,12,73,76,15.6171284634761,100,NA,NA,NA,NA,NA,NA,NA,NA,NA,NA,0.00845008023823933,0.921057409631184
"188","Vietnam",437379,8443,361605,97338583,704,"VN","VNM",704,14.058324,108.277199,70,20,40,30,57.1788413098237,35.4910714285714,8.06583333333333,8.36916666666667,7.61083333333333,3.4475,2.34833333333333,2.7975,6.67833333333333,2.29711375212224,35.7,151.68611145,8.67384724513608e-05,0.0044933775130053
"189","West Bank and Gaza",27611358,283254,23765480,5101416,275,"PS","PSE",275,31.9522,35.2332,NA,NA,NA,NA,NA,NA,NA,NA,NA,NA,NA,NA,NA,NA,NA,NA,0.0555245837626259,5.41248900305327
"190","Yemen",659542,178534,371798,29825968,887,"YE","YEM",887,15.552727,48.516388,NA,NA,NA,NA,NA,NA,NA,NA,NA,NA,NA,NA,NA,NA,NA,NA,0.00598585769286683,0.0221130123924226
"191","Zambia",9078793,145840,8302782,18383956,894,"ZM","ZMB",894,-13.133897,27.849332,NA,NA,NA,NA,30.2267002518892,42.1875,NA,NA,NA,NA,NA,NA,NA,NA,57.1,75.99179077,0.0079330041912633,0.493843272906006
"192","Zimbabwe",4647289,161830,3876531,14862927,716,"ZW","ZWE",716,-19.015438,29.154857,NA,NA,NA,NA,15.3652392947103,27.6785714285714,7.2591059602649,6.44938271604938,3.59132610508757,2.53624382207578,5.53333333333333,2.22240527182867,5.83003300330033,1.46937086092715,50.3,140.3203125,0.0108881648951112,0.312676567677416
